fecha_hora,usuario
2026-02-04 17:10:50.122681,usuario_desconocido
2026-02-04 17:10:56.006154,usuario_desconocido
2026-02-05 09:38:19.002491,usuario_desconocido
2026-02-05 09:38:29.782062,usuario_desconocido
2026-02-09 09:46:08.629493,usuario_desconocido
2026-02-09 09:46:13.573525,usuario_desconocido
2026-02-11 09:35:55.080799,usuario_desconocido
2026-02-11 09:36:02.461828,usuario_desconocido
2026-02-16 10:13:54.718212,usuario_desconocido
2026-02-16 10:14:00.258143,usuario_desconocido
2026-02-16 11:45:03.782763,usuario_desconocido
2026-02-16 11:45:15.715422,usuario_desconocido
2026-02-24 07:14:02.391529,usuario_desconocido
2026-02-24 07:14:07.316753,usuario_desconocido
2026-03-09 09:22:21.530636,usuario_desconocido
2026-03-09 09:22:28.355301,usuario_desconocido
2026-03-09 09:48:42.263533,usuario_desconocido
2026-03-09 09:48:47.644447,usuario_desconocido
2026-03-16 11:06:46.281622,usuario_desconocido
2026-03-16 11:06:54.843352,usuario_desconocido
2026-03-16 15:22:15.137194,usuario_desconocido
2026-03-16 15:22:31.814502,usuario_desconocido
2026-03-17 11:58:34.526576,usuario_desconocido
2026-03-17 11:58:40.070105,usuario_desconocido
2026-03-23 10:06:47.505020,usuario_desconocido
2026-03-23 10:06:59.399272,usuario_desconocido
2026-03-23 16:33:08.161589,usuario_desconocido
2026-03-24 16:37:25.564780,usuario_desconocido
2026-03-24 16:37:31.550542,usuario_desconocido
2026-03-30 10:13:26.854341,usuario_desconocido
2026-03-30 10:14:29.454588,usuario_desconocido
2026-04-01 09:49:53.550793,usuario_desconocido
2026-04-01 09:49:59.238923,usuario_desconocido
2026-04-06 15:33:03.857796,usuario_desconocido
2026-04-06 15:33:11.273703,usuario_desconocido
2026-04-14 10:27:51.433405,usuario_desconocido
2026-04-14 10:44:26.774755,usuario_desconocido
2026-04-14 11:10:50.776468,usuario_desconocido
2026-04-14 11:11:05.499854,usuario_desconocido
2026-04-14 11:11:59.992033,usuario_desconocido
2026-04-14 11:12:13.725124,usuario_desconocido
2026-04-14 11:14:15.350933,usuario_desconocido
2026-04-14 11:14:25.446324,usuario_desconocido
2026-04-14 11:20:09.202114,usuario_desconocido
2026-04-14 11:20:16.199486,usuario_desconocido
2026-04-14 11:24:09.718369,usuario_desconocido
2026-04-14 11:24:19.398863,usuario_desconocido
2026-04-14 11:26:36.395880,usuario_desconocido
2026-04-14 11:26:43.680299,usuario_desconocido
2026-04-14 11:34:54.543390,usuario_desconocido
2026-04-14 11:35:05.424213,usuario_desconocido
2026-04-14 11:38:38.159677,usuario_desconocido
2026-04-14 11:39:59.382638,usuario_desconocido
2026-04-14 11:49:52.049785,usuario_desconocido
2026-04-14 11:50:13.643669,usuario_desconocido
2026-04-14 11:53:11.873729,usuario_desconocido
2026-04-14 11:53:33.532038,usuario_desconocido
2026-04-14 11:58:39.059727,usuario_desconocido
2026-04-14 11:58:47.371656,usuario_desconocido
2026-04-14 12:00:18.719242,usuario_desconocido
2026-04-14 12:01:15.620312,usuario_desconocido
2026-04-14 13:01:42.024686,usuario_desconocido
2026-04-14 13:01:58.044534,usuario_desconocido
2026-04-14 13:58:50.303920,usuario_desconocido
2026-04-14 14:04:14.047578,usuario_desconocido
2026-04-14 16:34:33.203011,usuario_desconocido
2026-04-14 16:34:40.830260,usuario_desconocido
2026-04-16 12:03:59.484687,usuario_desconocido
2026-04-16 12:06:07.993413,usuario_desconocido
2026-04-16 12:14:05.216329,usuario_desconocido
2026-04-16 12:16:30.693597,usuario_desconocido
2026-04-16 12:17:42.589397,usuario_desconocido
2026-04-16 12:18:00.560207,usuario_desconocido
2026-04-16 12:18:49.493425,usuario_desconocido
2026-04-16 12:21:37.931825,usuario_desconocido
2026-04-16 12:23:26.611773,usuario_desconocido
2026-04-16 12:23:59.958521,usuario_desconocido
2026-04-16 12:26:29.952723,usuario_desconocido
